GameSeed,GameName,Round,Event,Tick,Turn,PlayerCount,GameID,OrdinalPosition(Player-1 rank),OrdinalPosition(PlayerName-0),OrdinalPosition(Player-1),OrdinalPosition(Player-0),OrdinalPosition(Player-0 rank),OrdinalPosition(PlayerName-1),FinalScore(PlayerName-0),FinalScore(Player-1),FinalScore(Player-0),FinalScore(PlayerName-1),PlayerType(PlayerType-1),PlayerType(PlayerType-0),Winner(PlayerIdx)
346665430,Connect4,3,GAME_OVER,7,0,2,2,2,mcts,2,1,1,OSLA,mcts,-1.0,1.0,OSLA,OSLA,mcts,0
879079583,Connect4,3,GAME_OVER,7,0,2,3,2,mcts,2,1,1,OSLA,mcts,-1.0,1.0,OSLA,OSLA,mcts,0
-619666105,Connect4,7,GAME_OVER,15,0,2,4,2,mcts,2,1,1,OSLA,mcts,-1.0,1.0,OSLA,OSLA,mcts,0
503938916,Connect4,3,GAME_OVER,7,0,2,5,2,mcts,2,1,1,OSLA,mcts,-1.0,1.0,OSLA,OSLA,mcts,0
-428737539,Connect4,4,GAME_OVER,9,0,2,6,2,mcts,2,1,1,OSLA,mcts,-1.0,1.0,OSLA,OSLA,mcts,0
-1745970416,Connect4,3,GAME_OVER,7,0,2,7,2,mcts,2,1,1,OSLA,mcts,-1.0,1.0,OSLA,OSLA,mcts,0
-1436161366,Connect4,3,GAME_OVER,7,0,2,8,2,mcts,2,1,1,OSLA,mcts,-1.0,1.0,OSLA,OSLA,mcts,0
-1151041315,Connect4,7,GAME_OVER,15,0,2,9,2,mcts,2,1,1,OSLA,mcts,-1.0,1.0,OSLA,OSLA,mcts,0
697067980,Connect4,4,GAME_OVER,9,0,2,10,2,mcts,2,1,1,OSLA,mcts,-1.0,1.0,OSLA,OSLA,mcts,0
1168140970,Connect4,6,GAME_OVER,13,0,2,11,2,mcts,2,1,1,OSLA,mcts,-1.0,1.0,OSLA,OSLA,mcts,0
-1491060889,Connect4,3,GAME_OVER,7,0,2,12,2,mcts,2,1,1,OSLA,mcts,-1.0,1.0,OSLA,OSLA,mcts,0
-1819802610,Connect4,4,GAME_OVER,9,0,2,13,2,mcts,2,1,1,OSLA,mcts,-1.0,1.0,OSLA,OSLA,mcts,0
-2121274456,Connect4,8,GAME_OVER,17,0,2,14,2,mcts,2,1,1,OSLA,mcts,-1.0,1.0,OSLA,OSLA,mcts,0
259280696,Connect4,3,GAME_OVER,7,0,2,15,2,mcts,2,1,1,OSLA,mcts,-1.0,1.0,OSLA,OSLA,mcts,0
1706137030,Connect4,3,GAME_OVER,7,0,2,16,2,mcts,2,1,1,OSLA,mcts,-1.0,1.0,OSLA,OSLA,mcts,0
545138396,Connect4,3,GAME_OVER,7,0,2,17,2,mcts,2,1,1,OSLA,mcts,-1.0,1.0,OSLA,OSLA,mcts,0
1376458976,Connect4,5,GAME_OVER,11,0,2,18,2,mcts,2,1,1,OSLA,mcts,-1.0,1.0,OSLA,OSLA,mcts,0
1195311045,Connect4,3,GAME_OVER,7,0,2,19,2,mcts,2,1,1,OSLA,mcts,-1.0,1.0,OSLA,OSLA,mcts,0
813477029,Connect4,3,GAME_OVER,7,0,2,20,2,mcts,2,1,1,OSLA,mcts,-1.0,1.0,OSLA,OSLA,mcts,0
-1466178614,Connect4,4,GAME_OVER,9,0,2,21,2,mcts,2,1,1,OSLA,mcts,-1.0,1.0,OSLA,OSLA,mcts,0
-118322159,Connect4,3,GAME_OVER,7,0,2,22,2,mcts,2,1,1,OSLA,mcts,-1.0,1.0,OSLA,OSLA,mcts,0
-1428166355,Connect4,4,GAME_OVER,9,0,2,23,2,mcts,2,1,1,OSLA,mcts,-1.0,1.0,OSLA,OSLA,mcts,0
1144294523,Connect4,3,GAME_OVER,7,0,2,24,2,mcts,2,1,1,OSLA,mcts,-1.0,1.0,OSLA,OSLA,mcts,0
2100098225,Connect4,4,GAME_OVER,9,0,2,25,2,mcts,2,1,1,OSLA,mcts,-1.0,1.0,OSLA,OSLA,mcts,0
23994827,Connect4,8,GAME_OVER,17,0,2,26,2,mcts,2,1,1,OSLA,mcts,-1.0,1.0,OSLA,OSLA,mcts,0
1662792176,Connect4,3,GAME_OVER,7,0,2,27,2,mcts,2,1,1,OSLA,mcts,-1.0,1.0,OSLA,OSLA,mcts,0
2013120665,Connect4,5,GAME_OVER,11,0,2,28,2,mcts,2,1,1,OSLA,mcts,-1.0,1.0,OSLA,OSLA,mcts,0
-1880183632,Connect4,3,GAME_OVER,7,0,2,29,2,mcts,2,1,1,OSLA,mcts,-1.0,1.0,OSLA,OSLA,mcts,0
-1377239692,Connect4,3,GAME_OVER,7,0,2,30,2,mcts,2,1,1,OSLA,mcts,-1.0,1.0,OSLA,OSLA,mcts,0
1795532617,Connect4,11,GAME_OVER,23,0,2,31,2,mcts,2,1,1,OSLA,mcts,-1.0,1.0,OSLA,OSLA,mcts,0
-1548656463,Connect4,3,GAME_OVER,7,0,2,32,2,mcts,2,1,1,OSLA,mcts,-1.0,1.0,OSLA,OSLA,mcts,0
-653656736,Connect4,6,GAME_OVER,13,0,2,33,2,mcts,2,1,1,OSLA,mcts,-1.0,1.0,OSLA,OSLA,mcts,0
-400394132,Connect4,3,GAME_OVER,7,0,2,34,2,mcts,2,1,1,OSLA,mcts,-1.0,1.0,OSLA,OSLA,mcts,0
-1422203009,Connect4,5,GAME_OVER,11,0,2,35,2,mcts,2,1,1,OSLA,mcts,-1.0,1.0,OSLA,OSLA,mcts,0
-1113178468,Connect4,3,GAME_OVER,7,0,2,36,2,mcts,2,1,1,OSLA,mcts,-1.0,1.0,OSLA,OSLA,mcts,0
-175367348,Connect4,5,GAME_OVER,11,0,2,37,2,mcts,2,1,1,OSLA,mcts,-1.0,1.0,OSLA,OSLA,mcts,0
1362911089,Connect4,4,GAME_OVER,9,0,2,38,2,mcts,2,1,1,OSLA,mcts,-1.0,1.0,OSLA,OSLA,mcts,0
-347120262,Connect4,3,GAME_OVER,7,0,2,39,2,mcts,2,1,1,OSLA,mcts,-1.0,1.0,OSLA,OSLA,mcts,0
1416514647,Connect4,3,GAME_OVER,7,0,2,40,2,mcts,2,1,1,OSLA,mcts,-1.0,1.0,OSLA,OSLA,mcts,0
-1570736736,Connect4,3,GAME_OVER,7,0,2,41,2,mcts,2,1,1,OSLA,mcts,-1.0,1.0,OSLA,OSLA,mcts,0
-1532681659,Connect4,5,GAME_OVER,11,0,2,42,2,mcts,2,1,1,OSLA,mcts,-1.0,1.0,OSLA,OSLA,mcts,0
2038358424,Connect4,3,GAME_OVER,7,0,2,43,2,mcts,2,1,1,OSLA,mcts,-1.0,1.0,OSLA,OSLA,mcts,0
1950377550,Connect4,3,GAME_OVER,7,0,2,44,2,mcts,2,1,1,OSLA,mcts,-1.0,1.0,OSLA,OSLA,mcts,0
-389679841,Connect4,3,GAME_OVER,7,0,2,45,2,mcts,2,1,1,OSLA,mcts,-1.0,1.0,OSLA,OSLA,mcts,0
-1652369011,Connect4,3,GAME_OVER,7,0,2,46,2,mcts,2,1,1,OSLA,mcts,-1.0,1.0,OSLA,OSLA,mcts,0
649728961,Connect4,5,GAME_OVER,11,0,2,47,2,mcts,2,1,1,OSLA,mcts,-1.0,1.0,OSLA,OSLA,mcts,0
1939385821,Connect4,4,GAME_OVER,9,0,2,48,2,mcts,2,1,1,OSLA,mcts,-1.0,1.0,OSLA,OSLA,mcts,0
-765151654,Connect4,7,GAME_OVER,15,0,2,49,2,mcts,2,1,1,OSLA,mcts,-1.0,1.0,OSLA,OSLA,mcts,0
-382843140,Connect4,3,GAME_OVER,7,0,2,50,2,mcts,2,1,1,OSLA,mcts,-1.0,1.0,OSLA,OSLA,mcts,0
1616233144,Connect4,3,GAME_OVER,7,0,2,51,2,mcts,2,1,1,OSLA,mcts,-1.0,1.0,OSLA,OSLA,mcts,0
346665430,Connect4,3,GAME_OVER,8,1,2,52,1,OSLA,1,2,2,mcts,OSLA,1.0,-1.0,mcts,mcts,OSLA,1
879079583,Connect4,5,GAME_OVER,12,1,2,53,1,OSLA,1,2,2,mcts,OSLA,1.0,-1.0,mcts,mcts,OSLA,1
-619666105,Connect4,3,GAME_OVER,8,1,2,54,1,OSLA,1,2,2,mcts,OSLA,1.0,-1.0,mcts,mcts,OSLA,1
503938916,Connect4,7,GAME_OVER,16,1,2,55,1,OSLA,1,2,2,mcts,OSLA,1.0,-1.0,mcts,mcts,OSLA,1
-428737539,Connect4,7,GAME_OVER,16,1,2,56,1,OSLA,1,2,2,mcts,OSLA,1.0,-1.0,mcts,mcts,OSLA,1
-1745970416,Connect4,5,GAME_OVER,12,1,2,57,1,OSLA,1,2,2,mcts,OSLA,1.0,-1.0,mcts,mcts,OSLA,1
-1436161366,Connect4,4,GAME_OVER,10,1,2,58,1,OSLA,1,2,2,mcts,OSLA,1.0,-1.0,mcts,mcts,OSLA,1
-1151041315,Connect4,4,GAME_OVER,10,1,2,59,1,OSLA,1,2,2,mcts,OSLA,1.0,-1.0,mcts,mcts,OSLA,1
697067980,Connect4,6,GAME_OVER,14,1,2,60,1,OSLA,1,2,2,mcts,OSLA,1.0,-1.0,mcts,mcts,OSLA,1
1168140970,Connect4,5,GAME_OVER,12,1,2,61,1,OSLA,1,2,2,mcts,OSLA,1.0,-1.0,mcts,mcts,OSLA,1
-1491060889,Connect4,4,GAME_OVER,10,1,2,62,1,OSLA,1,2,2,mcts,OSLA,1.0,-1.0,mcts,mcts,OSLA,1
-1819802610,Connect4,7,GAME_OVER,16,1,2,63,1,OSLA,1,2,2,mcts,OSLA,1.0,-1.0,mcts,mcts,OSLA,1
-2121274456,Connect4,4,GAME_OVER,10,1,2,64,1,OSLA,1,2,2,mcts,OSLA,1.0,-1.0,mcts,mcts,OSLA,1
259280696,Connect4,5,GAME_OVER,12,1,2,65,1,OSLA,1,2,2,mcts,OSLA,1.0,-1.0,mcts,mcts,OSLA,1
1706137030,Connect4,8,GAME_OVER,18,1,2,66,1,OSLA,1,2,2,mcts,OSLA,1.0,-1.0,mcts,mcts,OSLA,1
545138396,Connect4,5,GAME_OVER,12,1,2,67,1,OSLA,1,2,2,mcts,OSLA,1.0,-1.0,mcts,mcts,OSLA,1
1376458976,Connect4,3,GAME_OVER,8,1,2,68,1,OSLA,1,2,2,mcts,OSLA,1.0,-1.0,mcts,mcts,OSLA,1
1195311045,Connect4,3,GAME_OVER,8,1,2,69,1,OSLA,1,2,2,mcts,OSLA,1.0,-1.0,mcts,mcts,OSLA,1
813477029,Connect4,5,GAME_OVER,12,1,2,70,1,OSLA,1,2,2,mcts,OSLA,1.0,-1.0,mcts,mcts,OSLA,1
-1466178614,Connect4,5,GAME_OVER,12,1,2,71,1,OSLA,1,2,2,mcts,OSLA,1.0,-1.0,mcts,mcts,OSLA,1
-118322159,Connect4,4,GAME_OVER,10,1,2,72,1,OSLA,1,2,2,mcts,OSLA,1.0,-1.0,mcts,mcts,OSLA,1
-1428166355,Connect4,8,GAME_OVER,18,1,2,73,1,OSLA,1,2,2,mcts,OSLA,1.0,-1.0,mcts,mcts,OSLA,1
1144294523,Connect4,6,GAME_OVER,14,1,2,74,1,OSLA,1,2,2,mcts,OSLA,1.0,-1.0,mcts,mcts,OSLA,1
2100098225,Connect4,3,GAME_OVER,8,1,2,75,1,OSLA,1,2,2,mcts,OSLA,1.0,-1.0,mcts,mcts,OSLA,1
23994827,Connect4,7,GAME_OVER,16,1,2,76,1,OSLA,1,2,2,mcts,OSLA,1.0,-1.0,mcts,mcts,OSLA,1
1662792176,Connect4,4,GAME_OVER,10,1,2,77,1,OSLA,1,2,2,mcts,OSLA,1.0,-1.0,mcts,mcts,OSLA,1
2013120665,Connect4,4,GAME_OVER,10,1,2,78,1,OSLA,1,2,2,mcts,OSLA,1.0,-1.0,mcts,mcts,OSLA,1
-1880183632,Connect4,3,GAME_OVER,8,1,2,79,1,OSLA,1,2,2,mcts,OSLA,1.0,-1.0,mcts,mcts,OSLA,1
-1377239692,Connect4,4,GAME_OVER,10,1,2,80,1,OSLA,1,2,2,mcts,OSLA,1.0,-1.0,mcts,mcts,OSLA,1
1795532617,Connect4,6,GAME_OVER,14,1,2,81,1,OSLA,1,2,2,mcts,OSLA,1.0,-1.0,mcts,mcts,OSLA,1
-1548656463,Connect4,3,GAME_OVER,8,1,2,82,1,OSLA,1,2,2,mcts,OSLA,1.0,-1.0,mcts,mcts,OSLA,1
-653656736,Connect4,3,GAME_OVER,8,1,2,83,1,OSLA,1,2,2,mcts,OSLA,1.0,-1.0,mcts,mcts,OSLA,1
-400394132,Connect4,3,GAME_OVER,8,1,2,84,1,OSLA,1,2,2,mcts,OSLA,1.0,-1.0,mcts,mcts,OSLA,1
-1422203009,Connect4,3,GAME_OVER,8,1,2,85,1,OSLA,1,2,2,mcts,OSLA,1.0,-1.0,mcts,mcts,OSLA,1
-1113178468,Connect4,3,GAME_OVER,8,1,2,86,1,OSLA,1,2,2,mcts,OSLA,1.0,-1.0,mcts,mcts,OSLA,1
-175367348,Connect4,4,GAME_OVER,10,1,2,87,1,OSLA,1,2,2,mcts,OSLA,1.0,-1.0,mcts,mcts,OSLA,1
1362911089,Connect4,7,GAME_OVER,16,1,2,88,1,OSLA,1,2,2,mcts,OSLA,1.0,-1.0,mcts,mcts,OSLA,1
-347120262,Connect4,4,GAME_OVER,10,1,2,89,1,OSLA,1,2,2,mcts,OSLA,1.0,-1.0,mcts,mcts,OSLA,1
1416514647,Connect4,4,GAME_OVER,10,1,2,90,1,OSLA,1,2,2,mcts,OSLA,1.0,-1.0,mcts,mcts,OSLA,1
-1570736736,Connect4,3,GAME_OVER,8,1,2,91,1,OSLA,1,2,2,mcts,OSLA,1.0,-1.0,mcts,mcts,OSLA,1
-1532681659,Connect4,3,GAME_OVER,8,1,2,92,1,OSLA,1,2,2,mcts,OSLA,1.0,-1.0,mcts,mcts,OSLA,1
2038358424,Connect4,6,GAME_OVER,14,1,2,93,1,OSLA,1,2,2,mcts,OSLA,1.0,-1.0,mcts,mcts,OSLA,1
1950377550,Connect4,9,GAME_OVER,20,1,2,94,1,OSLA,1,2,2,mcts,OSLA,1.0,-1.0,mcts,mcts,OSLA,1
-389679841,Connect4,4,GAME_OVER,10,1,2,95,1,OSLA,1,2,2,mcts,OSLA,1.0,-1.0,mcts,mcts,OSLA,1
-1652369011,Connect4,7,GAME_OVER,16,1,2,96,1,OSLA,1,2,2,mcts,OSLA,1.0,-1.0,mcts,mcts,OSLA,1
649728961,Connect4,6,GAME_OVER,14,1,2,97,1,OSLA,1,2,2,mcts,OSLA,1.0,-1.0,mcts,mcts,OSLA,1
1939385821,Connect4,3,GAME_OVER,8,1,2,98,1,OSLA,1,2,2,mcts,OSLA,1.0,-1.0,mcts,mcts,OSLA,1
-765151654,Connect4,3,GAME_OVER,8,1,2,99,1,OSLA,1,2,2,mcts,OSLA,1.0,-1.0,mcts,mcts,OSLA,1
-382843140,Connect4,4,GAME_OVER,10,1,2,100,1,OSLA,1,2,2,mcts,OSLA,1.0,-1.0,mcts,mcts,OSLA,1
1616233144,Connect4,4,GAME_OVER,10,1,2,101,1,OSLA,1,2,2,mcts,OSLA,1.0,-1.0,mcts,mcts,OSLA,1
